제목,등록일,조회수,링크,본문
증권선물위원회 불공정거래 조치 현황(2023년~현재),2025-08-31,22426,https://fsc.go.kr/no070200/85148?srchCtgry=&curPage=1&srchKey=&srchText=,"구  분
2023년
2024년
2025년
~2026.8월
조
치
고  발
37명, 14개사
43명, 6개사
73명, 8개사
35명, 12개사
통  보
145명, 1개사
140명, 10개사
79명, 6개사
35명, 1개사
과징금
6명, 36개사
24명, 16개사
22개사
12명, 12개사
과태료
8명, 28개사
8명, 33개사
1명, 4개사
12명
,
12
개사
합계
196명, 79개사
215명, 65개사
153명, 40개사
94명, 37개사
* 부정거래, 시세조종, 미공개정보이용, 시장질서교란, 공매도규제 위반 포함"
2026년 제12차 증권선물위원회 불공정거래 위반 조치 의결,2026-08-21,276,https://fsc.go.kr/no070200/87623?srchCtgry=&curPage=1&srchKey=&srchText=&srchBeginDt=&srchEndDt=,"[2026년 제12차 증권선물위원회 불공정거래 조치 의결 목록 및 주요내용]
ㅁ
의결안건 제178호 Pacific Alliance Investment Management HK Limited의 공매도 규제위반 조치안 (원안의결)
- Pacific Alliance Investment Management (HK) Limited는
2
021.11.29. □□□□□□□ □□□□□□□□ □□□□ □□□□□□
□
□
□
□
□
□
□
□
□
□
□
가
소
유
하
지
않
은
두
산
퓨
얼
셀
㈜
주
식
1
0
,
2
8
6
주
(
5
억
4
0
1
만
원
)
를
매
도
주
문
을
한
사
실
이
있
음"
2026년 제11차 증권선물위원회 불공정거래 위반 조치 의결,2026-08-07,700,https://fsc.go.kr/no070200/87491?srchCtgry=&curPage=1&srchKey=&srchText=&srchBeginDt=&srchEndDt=,"[2026년 제11차 증권선물위원회 불공정거래 조치 의결 목록 및 주요내용]
ㅁ 의결안건 제157호 ㈜OOOOO 주식에 대한 미공개 중요정보 이용행위 금지 위반 과징금 부과 조치안 (원안의결)
- ●●●은 前 ㈜☆☆☆☆☆ 재무팀 공시담당자로서 본건 미공개 중요정보를 직무상 지득한 ’24.10.14. 14:13부터 해당 정보가 공개된 ’24.12.20. 15:18까지의 기간 동안, 해당 정보를 이용하여 본인 및 모친 명의 증권 계좌를 통해 ㈜☆☆☆☆☆ 주식 94,610주를 매수한 혐의가 있으며, 부친 ◆◆◆에게 ’24.11.20.경 해당 정보를 전달하여 정보공개 전까지 5,033주를 매수에 이용하게 한 혐의가 있음
- ◆◆◆은 ●●●으로부터 본건 미공개 중요정보를 ’24.11.20.경 전달받아, ’24.11.25.경부터 해당 정보가 공개된 ’24.12.20. 15:18경까지의 기간 동안, 해당 정보를 이용하여 본인 명의 계좌를 통해 ㈜☆☆☆☆☆ 주식 5,033주를 매수한 혐의가 있음
ㅁ 의결안건 제171호 한국투자증권㈜ 및 삼성증권㈜의 공매도 규제 위반 조치안 (수정의결)
- 한국투자증권㈜는 ’25.4.29. 본인이 소유하지 아니한 한화오션㈜ 주식 54,044주(45억 5,469만원)를 매도 주문 제출
- 삼성증권㈜는 ’25.4.15. 본인이 소유하지 아니한 삼성전자㈜ 주식 33,892주(19억 512만원)를 매도 주문 제출
ㅁ 의결안건 제172호 다올투자증권㈜의 공매도 규제 위반 조치안 (수정의결)
- 다올투자증권㈜는 ’21.5.13.~’22.8.2. 기간 중 ㈜BNK금융지주 등 395개 종목에 대한 534,349주(241억 7,948만원)의 차입공매도 주문을 제출하면서 동 주문이 공매도임을 표시하지 않음
ㅁ 의결안건 제173호 Morgan Stanley & Co. International PLC의 공매도 규제 위반 조치안 (수정의결)
- Morgan Stanley & Co. International PLC는 ’22.5.6. ㈜카카오 주식 4,622주(3억 9,564만원)의 차입공매도 주문을 모간스탠리증권 서울지점에 제출하면서 차입 공매도임을 표시하지 않았으며,
’22.8.2. 본인이 소유하지 않은 삼성전자㈜ 주식 14,372주(8억 8,244만원)을 매도 주문 제출
ㅁ 의결안건 제174호 B.Metzler Seel Sohn & Co. AG의 공매도 규제 위반 조치안 (수정의결)
- B.Metzler seel Sohn & Co. AG는 2022.1.27. 본인이 소유하지 않은 현대차㈜ 주식 51,216주(96억 3,691만원)를 매도 주문한 사실이 있음
* 의결안건 제157호는 비공개안건으로 안건은 비공개"
2026년 제10차 증권선물위원회 불공정거래 위반 조치 의결,2026-07-16,431,https://fsc.go.kr/no070200/87489?srchCtgry=&curPage=1&srchKey=&srchText=&srchBeginDt=&srchEndDt=,"[2026년 제10차 증권선물위원회 불공정거래 조치 의결 목록 및 주요내용]
ㅁ 의결안건 제148호 ○○○○○㈜ 등 15개사 주식에 대한 미공개중요정보 이용행위 금지 위반 등 조치안(원안의결)
- ◍◍은 준내부자(△△△△△△ ▼▼▼▼▼▼)로서 ○○○○○㈜ 등 15개 종목에 대한 공개매수 실시 및 합병 결정 등 미공개중요정보(본 건 미공개정보)를 직무상 지득하고,
- ◍◍, ☎☎☎, ☏☏☏는 공모하여 본 건 미공개정보를 이용하고 부당이득을 나누어 취득한 혐의가 있음
- ☎☎☎은 ◍◍으로부터 본 건 미공개정보를 전달받아, ◆◆◆, ▭▭▭와 공모하여 이를 이용하고 부당이득을 나누어 취득하고, ☜☜☜, ☞☞☞, ↘↘↘에게 정보를 전달하여 이를 이용하게 한 혐의가 있음
- ◈◈◈는 ◍◍으로부터 본 건 미공개정보를 전달받고, ▰▰▰과 공모하여 이를 이용하고 부당이득을 나누어 취득한 혐의가 있음
- ▲▲▲는 ◍◍으로부터 본 건 미공개정보를 전달받고, 이를 이용하여 부당이득을 취하고, ⚃⚃⚃, ↙↙↙에게 정보를 전달하여 이를 이용하게 한 혐의가 있음
- ◆◆◆은 ◍◍으로부터 본 건 미공개정보를 전달받아 †††에게 전달하여 이를 이용하게 한 혐의가 있음
- ☜☜☜는 ☎☎☎으로부터 본 건 미공개정보를 전달받아, 이를 이용하여 부당이득을 취득하고, ‡‡‡에게 전달하여 이를 이용하게 한 혐의가 있음
- ☞☞☞은 ☎☎☎으로부터 본 건 미공개정보를 전달받아, 이를 이용하여 부당이득을 취득하고, ↕↕↕에게 전달하여 이를 이용하게 한 혐의가 있음
- ↘↘↘은 ☎☎☎으로부터 본 건 미공개정보를 전달받아, 이를 이용하여 부당이득을 취득하고, ↗↗↗에게 전달하여 이를 이용하게 한 혐의가 있음
ㅁ 의결안건 제149호 SOCIETE GENERALE S.A 등 24인의 공매도 순보유잔고 보고·공시의무 위반 조치안 (원안의결)
- SOCIETE GENERALE S.A. 등 24인은 ’21.6.14.~’26.3.5. 기간 중 순보유잔고 보고 및 공시의무가 발생하였음에도 기한 내에 보고하지 않고 지연 보고·공시한 사실이 있음
* 의결안건 제148호는 비공개 안건으로 안건은 비공개"
2026년 제9차 증권선물위원회 불공정거래 위반 조치 의결,2026-07-03,815,https://fsc.go.kr/no070200/87305?srchCtgry=&curPage=1&srchKey=&srchText=&srchBeginDt=&srchEndDt=,"[2026년 제9차 증권선물위원회 불공정거래 조치 의결 목록 및 주요내용]
ㅁ 의결안건 제137호 Flow Traders Asia Pte Ltd의 공매도 규제 위반 조치안 (수정의결)
- Flow Traders Asia Pte Ltd는 ’22.12.14.~23.11.6. 기간 중 본인이 소유하지 아니한 ETF 3개 종목*을 총 1,043,896주(136억 5,630만원)를 매도 주문한 사실이 있음
* ACE 중국과창판STAR50, TIGER 미국필라델피아반도체나스닥, KODEX 반도체
ㅁ 의결안건 제138호 TIDAL INVESTMENTS LLC의 공매도 규제 위반 조치안 (원안의결)
- TIDAL INVESTMENTS LLC는 ’21.11.8. 동사가 운영하는 펀드가 소유하지 않은 S-Oil㈜ 1,160주(1억 1,832만원) 매도 주문을 제출
ㅁ 의결안건 제139호 LMR Partners Limited의 공매도 규제 위반 조치안 (원안의결)
- LMR Partners Limited는 ’21.12.9. 운용하는 펀드가 소유하지 않은 ㈜쿠콘 주식 753주(5,926만원)를 매도주문을 한 사실이 있음
ㅁ 의결안건 제140호 ㈜OOO 주식에 대한 미공개정보 이용 금지위반 우선심의 조치안(수정의결)
- ◇◇◇은 ●●●과 공모하여, ○○○의 내부자로 0000 회계연도 ‘감사의견 거절’이라는 미공개정보를 직무상 지득하고, ◕◕◕· ㈜◆◆◆◆에게 정보를 전달하여 동 정보 공개 이전 ‘25.4.3.~7. 동사 주식 223만주*를 매도하게 한 혐의가 있음
* 질권설정중인 ◍◍◍◍◍◍◍◍◍◍(131만주)과 ●●●(92만주) 명의 주식
- ○○○ 임직원 ▲▲▲는 본 건 미공개정보를 직무상 지득하고 동 정보 공개 이전 ‘25.3.27.~4.7. 기간 중 본인이 지배하는 ㈜△△△△△명의의 동사 주식 18만주를 매도한 혐의가 있음
* 의결안건 제140호는 비공개 안건으로 안건은 비공개"
2026년 제8차 증권선물위원회 불공정거래 위반 조치 의결,2026-06-19,645,https://fsc.go.kr/no070200/87304?srchCtgry=&curPage=1&srchKey=&srchText=&srchBeginDt=&srchEndDt=,"[2026년 제8차 증권선물위원회 불공정거래 조치 의결 목록 및 주요내용]
ㅁ 의결안건 제111호 Tantallon Capital Advisors Pte Ltd의 공매도 규제 위반 조치안 (원안의결)
- Tantallon Capital Advisors Pte Ltd는 2022.10.11. □□□ □□□□□□□□□ □□□□가 소유하지 않은 삼성전자㈜ 주식 36,181주(19억 2,345만원)를 매도주문을 한 사실이 있음
ㅁ 의결안건 제112호 ㈜OOO 주식에 대한 부정거래행위 금지 위반 등 조치안 (원안의결)
- ㈜OOO 대표이사 ◉◉◉과 최대주주인 △△△△△△△유한회사 대표이사 ◈◈◈은 회사의 경영진으로서 인적분할 후 재상장을
추진하는 과정에서, 자회사를 외부 제3자에게 매각하여 연결재무제표에서 제외하는 등 방법으로
모회사의 자본잠식 우려를 해소하고 재무상태가 개선될 것처럼 가장할 목적으로,
- 인수법인이 사실상 혐의자들이 지배하는 등 외부 제3자에 대한
매
각이 아니었음에도, 마치 OOO와 무관한 제3자에게 매각하는
것처럼 가장하는 허위 자료를 제출하는 한편,
- 자회사의 주식가치를 과대평가하고 예상 매각대금을 과다산정하여
공시하는 등 주식 등 거래와 관련하여 부정한 수단, 계획 또는
기교를 사용하거나 공시서류 등에 중요사항을 누락 또는 거짓 기재함으로써
부
당
이득을 취득한 혐의가 있음
* 의결안건 제112호는 비공개 안건으로 안건은 비공개"
2026년 제7차 증권선물위원회 불공정거래 위반 조치 의결,2026-06-05,1022,https://fsc.go.kr/no070200/87153?srchCtgry=&curPage=1&srchKey=&srchText=&srchBeginDt=&srchEndDt=,"[2026년 제7차 증권선물위원회 불공정거래 조치 의결 목록 및 주요내용]
ㅁ
의결안건 제101호 OOOO㈜ 주식에 대한 시세조종행위 금지 위반 조치안(원안의결)
-
☆☆은 일반투자자로서 ’17.3.21.∼’18.4.30. 기간 중 본인 등 총 13개 계좌를 동원하여 ◯◯◯◯ 주식을 매매하는 과정에서 시세를 상승시키기 위해 매매가 성황을 이루고 있는 듯이 잘못 알게 하거나 매매를 유인할 목적으로, 총 5,042회의 시세조종 주문을 제출한 혐의가 있음
ㅁ
의결안건 제102호 NH투자증권의 공매도 규제 위반 조치안(원안의결)
-
NH투자증권㈜는 ’21.7.23. KBSTAR Fn컨택트대표 ETF의 LP로서본인이 소유하지 아니한 동 ETF 15,960주(1,572만원)를 매도 주문한 사실이 있음
ㅁ
의결안건 제103호 Susquehanna Asia Trading Pty Ltd의 공매도 규제 위반 조치안(원안의결)
-
Susquehanna Asia Trading Pty Ltd는 ’22.09.22. 본인이 소유하지 아니한 TIGER 차이나전기차SOLACTIVE ETF 28,108주(3억 9,726만원)를 매도 주문한 사실이 있음
* 의결안건 제101호는 비공개 안건으로 안건은 비공개"
2026년 제6차 증권선물위원회 불공정거래 위반 조치 의결,2026-05-22,665,https://fsc.go.kr/no070200/87152?srchCtgry=&curPage=1&srchKey=&srchText=&srchBeginDt=&srchEndDt=,"[2026년 제6차 증권선물위원회 불공정거래 조치 의결 목록 및 주요내용]
ㅁ
의결안건 제78호 ㈜OOOOO 주식에 대한 미공개중요정보 이용행위 금지 위반 등 조치안(원안의결)
- ☆☆☆은 ㈜○○○○○ 미등기 임원으로서, 자회사의 치료제가 알츠하이머 질병에 대해 동정적 사용을 신청하였다는 호재성 정보를업무상 지득하고, 동 정보가 공개되기 전 ’22.10.13.~11.1 기간 중 차명계좌로 동사 주식을 매수한 혐의가 있음
* 의결안건 제78호는 비공개안건으로 안건은 비공개"
2026년 제5차 증권선물위원회 불공정거래 위반 조치 의결,2026-05-08,1031,https://fsc.go.kr/no070200/86921?srchCtgry=&curPage=1&srchKey=&srchText=&srchBeginDt=&srchEndDt=,"[2026년 제5차 증권선물위원회 불공정거래 조치 의결 목록 및 주요내용]
ㅁ
의결안건 제75호 Robeco Institutional Asset Management B.V.의 공매도 규제 위반 조치안(수정의결)
- Robeco Intitutional Asset Management B.V.는 ’24.6.12. 위탁받은 펀드가 소유하지 않은 ㈜브이티 및 ㈜솔루엠 주식 109,690주(35억 7,512만원) 매도 주문을 제출한 사실이 있음"
2026년 제4차 증권선물위원회 불공정거래 위반 조치 의결,2026-04-24,941,https://fsc.go.kr/no070200/86920?srchCtgry=&curPage=1&srchKey=&srchText=&srchBeginDt=&srchEndDt=,"[2026년 제4차 증권선물위원회 불공정거래 조치 의결 목록 및 주요내용]
ㅁ
의결안건 제56호 Aperio Group LLC의 공매도 규제 위반 조치안 (원안의결)
-
Aperio Group LLC는 2021.9.16. □□□□□□□ □□□□□□□□□□□□□□□ □□□□□□이 소유하지 않은 삼성전자㈜ 주식333주(2,574만원)를 매도한 사실이 있음"
2026년 제3차 증권선물위원회 불공정거래 위반 조치 의결,2026-04-03,1369,https://fsc.go.kr/no070200/86748?srchCtgry=&curPage=1&srchKey=&srchText=&srchBeginDt=&srchEndDt=,"[2026년 제3차 증권선물위원회 불공정거래 조치 의결 목록 및 주요내용]
ㅁ
의결안건 제42호 0000 등 주식에 대한 미공개중요정보  이용 금지위반 조치안 (원안의결)
- ♤♤♤는 ’23.11.~’24.4. 기간 공시대리업체 ♠♠♠♠♠♠의 대표이사로직무를 수행하는 과정에서 총 3건의 ○○○○, △△△△△△ 관련 미공개중요정보를 지득한 뒤, 본인 및 배우자의 증권계좌에서 주식을매매하여 부당이
득을 취득하고,  또한, ◇◇◇에게 동 정보를 전달하여 주식을 매수하게 하고 해당 매매차익의 일부를 수취한 혐의가 있음
-
◇◇◇
는 ’23.11.~’24.2. 기간 ♤♤♤에게 총 3건의 ○○○○, △△△△△△ 관련 미공개중요정보를 전달받아 지득한 뒤, 배우자명의의 증권계좌를 이용하여 주식을 매매하고 취득한 매매차익의 일부를 ♤♤♤에게 송금한 혐의가 있음
-
♧♧♧
는 ’22.3.~’24.4. 기간 IR컨설팅업체 ♣♣♣♣의 대표이사로 직무를 수행하는 과정에서 총 4건의 □□□□□□□ 관련 미공개중요정보를 지득하고, 본인 명의의 증권계좌에서 동 종목의 주식을매매하여 부당이득을 취득한
혐의
가 있음
-
◆◆◆
는 ♠♠♠♠♠♠ 재직 중 ♧♧♧ ♧♧♧♧♧♧♧에게 □□□□□□□의‘××××××의 ××× ×× 공시(공시 ’××.×.××.)’ 관련 보도자료 검토 등을 요청받는 과정에서 직무상 미공개중요정보를 지득한 뒤, ’××. ×. ×. 본인 명의의 증권계좌에서 □□□□□□□ 주식을 매수하고, 공개 익일(×.××.) 전량 매도하여 부당이득을 취득한 혐의가 있음
ㅁ
의결안건 제44호 ㈜○○○○○ 주식에 대한 미공개정보 이용행위 금지 위반 조치안 (수정의결)
-
▨▨▨는 ㈜○○○○○의 최대주주이자 업무집행지시자로서 ’18.4월중순 경 ’17년도 사업연도 내부결산 결과를 보고받는 과정에서 ‘영업이익 및 당기순이익 적자전환’ 정보를 직무상 지득하고, 동 정보가 공개되기 전 ‘18.5.11.~5.15. 기간 중 이를 이용하여 본인및 법인 소유 ㈜○○○○○ 주식을 매도한 혐의가 있음
ㅁ
의결안건 제45호 OOOOOOOOO㈜ 주식에 대한 미공개정보 이용행위 금지 위반 조치안 (원안의결)
-
AAA는 □□□□□□□ 제제연구소에서 과장으로 근무하면서 ‘코로나19 흡입치료제 연구 결과 발표 및 개발추진’에 관한 정보를 직무상 지득하고, 동 정보가 공개되기 전 ’20.8.14~18일 동사 주식을 매수하고, 동 정보를 배우자 BBB에게 전달하여 동사 주식 매매에이용하게 한 혐의가 있음
- BBB는 동 정보를 전달받아, ’20.8.14~18일 동사 주식을 매수하고, 친구 CCC, DDD과 공모하여 ’20.8.18. 동사 주식을 매수한 혐의가있음
ㅁ
의결안건 제46호 ㈜○○○○○○○○ 주식에 대한 미공개정보 이용행위 금지 위반 등 조치안 (원안의결)
-
●●●은 ○○○○○○○○ 경영지원부장(CFO)으로서 ｢◇◇◇◇를대상으로 한 3자배정 유상증자 결정｣(중요정보①) 관련 내부자이고, ｢◇◇◇◇의 ○○○○○○○○ 주식 추가 인수 및 콜옵션 계약 체결｣(중요정보②) 및 ㈜○○○○○○○○의 ｢최대주주 변경을 수반하는 주식양수도 계약 체결｣(중요정보④) 관련 준내부자로서, 중요정보①,②,④를 직무상 지득하고, 이를 이용하여 배우자 명의 계좌를 통해 동사 주식을 매수한 혐의가 있음
-
◆◆◆은 ◇◇◇◇ 기획팀 기획그룹 직원으로 내부자로서 중요정보④를 직무상 지득하고, 동 정보를 ▒▒▒, ■■■에게 전달하여 동사 주식 매매에 이용하게 한 혐의가 있음
-
△△△은 ○○○○○○○○의 수석연구원으로 준내부자로서 중요정보④를 직무상 지득하고, 이를 이용하기로 배우자 ▲▲▲와 공모하여 본인 및 ▲▲▲ 명의 계좌를 통해 동사 주식을 매수한 혐의가있음
-
▽▽▽는 ○○○○○○○○ 대표이사 및 대주주로서 중요정보①, ②,④ 및 ｢삼성웰스토리와의 업무협약 체결｣(중요정보③)을 직무상 지득하고, 동 정보를 ▼▼▼ 및 ◁◁◁에게 전달하여 동사 주식 매매에 이용하게 한 혐의가 있음
-
◀◀◀은 ○○○○○○○○의 수석연구원으로서 중요정보①을 직무상지득하고, 동 정보를 ▷▷▷, ▶▶▶, ♤♤♤, ♠♠♠, ♡♡♡에게 전달하여 ○○○○○○○○ 주식 매매에 이용하게 한 혐의가 있음
-
♥♥♥은 ◇◇◇◇ 또는 ○○○○○○○○ 소속 불상의 임·직원으로부터 중요정보④를 전달받고, 이를 이용하여 동사 주식을 매수한 혐의가 있음
-
◆◆◆은 ◇◇◇◇ 기획팀 직원으로서 중요정보④를 직무상 지득하고, 동 정보를 이용하여 경제적 연관성이 높은 9개사 주식을 매수한 바, 금융상품의 매매와 관련하여 부정한 수단, 계획 또는 기교를 사용한 혐의가 있음
* 의결안건 제42, 44, 45, 46호는 비공개안건으로 안건은 비공개"
2026년 제2차 증권선물위원회 불공정거래 위반 조치 의결,2026-03-26,1096,https://fsc.go.kr/no070200/86613?srchCtgry=&curPage=2&srchKey=&srchText=&srchBeginDt=&srchEndDt=,"[2026년 제2차 증권선물위원회 불공정거래 조치 의결 목록 및 주요내용]
ㅁ
의결안건 제29호 ㈜OOOO 등 3종목 주식에 대한 미공개중요정보 이용 금지 위반 등 조치안 (원안의결)
- △△은 ㈜●●●● 등 3종목 공개매수사무취급자인 ◆◆투자증권의 직원으로, 2023. 1. 5. ~ 2024.1.19. 기간 중 ㈜●●●● 등 3종목의 공개매수 실시 미공개정보를 지득하고, 이를 이용하여 주식을 매수하고 동 정보를 전달한 혐의가 있음
- ▲▲▲는 ◆◆투자증권의 직원 △△에게
㈜●●●● 등 3종목의
공
개
매
수
실
시
미
공
개
정
보
를
전득받고, 이를 이용하여 주식을 매수하고 동 정보를 전달한 혐의가 있음
- ▽▽▽는 ▲▲▲로부터
㈜●●●● 등 3종목의
공개매수 실시 미공개정보를 전득받고, 이를 이용하여 주식을 매수하고 동 정보를 전달한 혐의가 있음
- ★★★은 ▲▲▲로부터
㈜●●●● 등 3종목의
공개매수 실시 미공개정보를 전득받고, 이를 이용하여 주식을 매수하고 동 정보를 전달한 혐의가 있음
- ♤♤♤는 ▲▲▲로부터
㈜●●●● 등 3종목의
공개매수 실시 미공개정보를 전득받고, 이를 이용하여
주식을 매수하고 동 정보를 전달한 혐의가 있음
-
♡♡♡은 ▽▽▽로부터
㈜●●●●
등 2종목의
공개매수 실시 미공개정보를 전득받고, 이를 이용하여 주식을 매수한 혐의가 있음
-
♥♥
♥은 ♤♤♤
로
부
터
㈜
●
●
●
●
등 2종목의
공
개
매
수
실
시
미
공
개
정
보
를
전
득받고, 이를
이용하여 주식을 매수한 혐의가 있음
-
♧♧♧은 ♤♤♤로부터 ◇◇◇◇◇㈜ 종목의 공개매수 실시 미공개정보를 전득받고,
이를
이용하여 주식을 매수한 혐의가 있음
ㅁ
의결안건 제32호 OOOOO㈜ 주식에 대한 시세조종행위 금지 위반 등 조치안 (원안의결)
- ◆◆◆(★★★★★★㈜ 실질사주)는 ★★★★★★㈜가 담보로 제공한 ○○○○○㈜ 주식의 반대매매를 방지할 목적으로, □□□에게 지시하여 ’23.2.21.~4.25. 및 ’23.11.8.~’24.6.5. 기간 중 총 2,152 회의 시세조종 주문을 제출한 혐의가 있음
* 의결안건 제29, 32호는 비공개안건으로 안건은 비공개"
2026년 제1차 증권선물위원회 불공정거래 위반 조치 의결,2026-03-06,891,https://fsc.go.kr/no070200/86612?srchCtgry=&curPage=2&srchKey=&srchText=&srchBeginDt=&srchEndDt=,"[2026년 제1차 증권선물위원회 불공정거래 조치 의결 목록 및 주요내용]
ㅁ
의결안건 제12호 (주)OOO 주식에 대한 부정거래행위금지 위반 등 조치안 (원안의결)
- AAA, BBB은 ㈜OOO 주식을 고가에 매도할 목적으로 동사 주식 및 경영권 인수 자금을 은폐 및 허위기재하고, 납입능력이 없는 인수인을 대상으로 전환사채를 발행하는 등 부정한 수단, 계획 또는 기교 및 위계를 사용한 혐의가 있음
- CCC는 ’21.3월말 AAA로부터 인수자금 조달을 요청받는 과정에서㈜OOO 주식 대량취득 실시정보를 지득하고, 주식매매에 이용하고,
동 정보를 DDD에게 전달하여 주식매매에 이용하게 한 혐의가 있음
ㅁ
의결안건 제14호 ㈜OOOOO 주식에 대한 미공개 중요정보 이용행위 금지 위반 조치안(원안의결)
- ●●●은 前 ㈜☆☆☆☆☆ 재무팀 공시담당자로서 본건 미공개중요정보인 ☆☆☆☆☆와 ★★★★의 콘텐츠 공급관련 전략적 파트너십 체결 사실을 ’24.10.14. 14:13경 직무상 지득하여, 동 정보가 공개된 ’24.12.20. 15:18까지의 기간 동안 동 정보를이용하여 본인 및 모친 명의 증권 계좌를 통해 ☆☆☆☆☆ 주식 94,610주를 매수한 혐의가 있으며, 부친 ◆◆◆에게 ’24.11.20.경 해당 정보를 전달하여 정보공개전까지 5,033주를 매수하게 한 혐의가 있음
- ◆◆◆은 ●●●의 부친으로, ●●●으로부터 본건 미공개중요정보를 ’24.11.20.경 전달받아, 동 정보가 공개된 ’24.12.20. 15:18경까지 본인 명의 계좌를 이용하여 ☆☆☆☆☆ 주식 총 5,033주를 매수한 혐의가 있음
* 의결안건 제12, 14호는 비공개안건으로 안건은 비공개"
2025년 제22차 증권선물위원회 불공정거래 위반 조치 의결,2026-02-06,1247,https://fsc.go.kr/no070200/86310?srchCtgry=&curPage=2&srchKey=&srchText=&srchBeginDt=&srchEndDt=,"[2025년 제22차 증권선물위원회 불공정거래 조치 의결 목록 및 주요내용]
ㅁ
의결안건 제326호 ㈜OOOOOOOO 주식에 대한 시세조종행위 금지 위반 조치안(원안의결)
- 전업투자자 ◆◆◆, ★★★, □□□, ♧♧♧는 ’22.12.15. ~ ’22.12.28. 기간 중 상호 공모하여 단기간 내 매매거래를 통한 부당이득을 취득하기 위하여 총 11,764회에 걸쳐 449,704,878주의 시세조종주문을 제출
* 의결안건 제326호는 비공개안건으로 안건은 비공개"
2025년 제21차 증권선물위원회 불공정거래 위반 조치 의결,2026-01-23,1129,https://fsc.go.kr/no070200/86309?srchCtgry=&curPage=2&srchKey=&srchText=&srchBeginDt=&srchEndDt=,"[2025년 제21차 증권선물위원회 불공정거래 조치 의결 목록 및 주요내용]
ㅁ
의결안건 제306호 OOO㈜ 주식에 대한 미공개 중요정보 이용 금지 위반 등 조치안  (원안의결)
- ●●●는 ○○○의 창업주 및 최대주주이자, 동사의 주요한 의사결정을 내리는 위치에 있는 내부자로서, 동사의 자기주식 200,000주 매도라는 미공개 중요정보를 직무상 지득하고 이를 이용하여, 동사 주식 150,000주를 매도한 혐의가 있음
ㅁ
의결안건 제307호 ㈜OOO 주식에 대한 미공개중요정보 이용행위 금지 위반 조치안 (원안의결)
- ☆☆☆는 ○○○에 대해 ‘최대주주 변경을 수반하는 경영권 및 주식양수도 계약’(본 건 미공개정보)을 교섭한 ■■■의 종업원으로서 준내부자이며, 본 건 미공개정보를 직무상 지득하고, 이를 이용하여 본인 및 차명계좌로 동사 주식 110,505주를 매수하고, 동 미공개정보를 친척 ★★★ ­­­에게 전달하여 동사 주식매매에 이용하게 한 혐의가 있음
- ●●●은 준내부자인 ■■■으로부터 본 건 미공개정보를 전달받아, 이를 이용하여 동사 주식 3,000주를 매수한 혐의가 있음
- ◎◎◎는 본 건 미공개정보 관련 계약을 교섭한 ◇◇◇의 종업원으로서 준내부자이며, 본 건 미공개정보를 직무상 지득하고, 이를 이용하여 본인계좌로 동사 주식 14,634주를 매수한 혐의가 있음
- ◇◇◇은 본 건 미공개정보 관련 계약을 교섭한 자로 본 건 미공개정보를 직무상 지득하고, 지인 ▼▼▼, ◆◆◆, □□□에게 본 건 미공개정보를 전달하여 동사 주식매매에 이용하게 한 혐의가 있음
- ▼▼▼는 본 건 미공개정보를 ◇◇◇로부터 전달받아, 지인 ◑◑◑에게 전달하여 동사 주식매매에 이용하게 한 혐의가 있음
ㅁ
의결안건 제308호 Goldman Sachs International 등 4개사의 공매도 규제 위반 조치안 (원안의결)
- Goldman Sachs International은 ’25.4.1. 본인이 소유하지 않은 ㈜오픈놀 주식 43주를 매도주문한 사실이 있음
- ㈜BNK투자증권은 ’25.4.9. 및 4.16. 본인이 소유하지 아니한 ㈜에코프로 등 주식 1,484주를 매도주문한 사실이 있음
- 엘에스증권㈜는 ’25.4.2. 본인이 소유하지 않은 성일하이텍㈜ 주식73주를 매도주문한 사실이 있음
- 교보증권㈜는 ’25.4.8. 본인이 소유하지 않은 ㈜지아이이노베이션 주식 1주를 매도주문한 사실이 있음
ㅁ
의결안건 제309호 Jefferies International Limited의 공매도 규제 위반 조치안 (원안의결)
- Jefferies International Limited는 2025.4.8. 본인이 소유하지 않은 ㈜원익IPS 주식 3,455주를 매도주문한 사실이 있음
* 의결안건 제306,307호는 비공개안건으로 안건은 비공개"
2025년 제20차 증권선물위원회 불공정거래 위반 조치 의결,2026-01-09,1081,https://fsc.go.kr/no070200/86041?srchCtgry=&curPage=2&srchKey=&srchText=&srchBeginDt=&srchEndDt=,"[2025년 제20차 증권선물위원회 불공정거래 조치 의결 목록 및 주요내용]
ㅁ
의결안건 제287호 ㈜)OOOOOO 주식에 대한 미공개정보 이용행위 금지 위반 조치안 (원안의결)
- ●●●은 OOOOOO M&A 관련 계약체결 업무를 수행한 ◇◇◇(준내부자)로부터 ’24.6월 중순경 동사 경영권 변경 관련 호재성 미공개정보를 전달 받고, 이를 이용하여 ’24.6.14.~17. 본인 명의계좌로 동사 주식을 매매하고, 동 미공개정보를 지인 □□□에게 전달하여 동사 주식매매에 이용하게 한 혐의가 있음
* 의결안건 제287호는 비공개안건으로 안건은 비공개"
2025년 제19차 증권선물위원회 불공정거래 위반 조치 의결,2025-12-26,1121,https://fsc.go.kr/no070200/86040?srchCtgry=&curPage=2&srchKey=&srchText=&srchBeginDt=&srchEndDt=,"[2025년 제19차 증권선물위원회 불공정거래 조치 의결 목록 및 주요내용]
ㅁ
의결안건 제268호 OOOO㈜ 주식에 대한 시세조종행위 금지 위반 등 조치안 (수정의결)
-
●●●은 ○○○○㈜ 등에게 본인 등이 소유하고 있는 동사 주식을고가에 매도하고, 담보로 제공한 동사 주식의 반대매매를 방지하기위하여, ’23.5.12.~’24.1.25. 기간 중 본인 및 차명계좌를 이용하여총 727회의 시세조종성 주
문을 제출
-
●●●은 ○○○○㈜ 주식의 관리종목 지정을 회피할 목적으로, ’23.12.22. 본인 및 차명계좌를 이용하여 통정매매함으로써 거래량을증가시키는 등 부정한 수단, 계획 또는 기교를 사용
* 의결안건 제268호는 비공개안건으로 안건은 비공개"
2025년 제18차 증권선물위원회 불공정거래 위반 조치 의결,2025-12-12,1286,https://fsc.go.kr/no070200/86039?srchCtgry=&curPage=2&srchKey=&srchText=&srchBeginDt=&srchEndDt=,"[2025년 제18차 증권선물위원회 불공정거래 조치 의결 목록 및 주요내용]
ㅁ
의결안건 제256호 ㈜OOOOO 주식에 대한 부정거래행위 금지 위반 등 조치안(수정의결)
-
■■■, ◆◆◆, △△△, ▲▲▲은 구주 양수도 계약 등을 통해 주권상장법인인 ○○○○○를 인수한 후 주가를 부양하여 고가에 처분할목적으로 공모하여, 2차전지 사업을 추진한다는 거짓 외관을 형성하는등 부정한 수단 또는 위계를 사용하는 등 부정거래를 한 혐의가 있음
-
▲▲▲은 준내부자로서 ㈜○○○○○의 경영권이 변경될 것이라는정보를 지득하고, 동 정보를 지인인 ●●●, □□□에게 전달하여, 정보가 공개되기 전 동 정보를 이용하여 ’23. 3. 15.∼4. 3. 기간 중 동사 주식을 매수하도록 한 혐의가 있음
ㅁ
의결안건 제260호 ㈜신한자산운용의 공매도 규제 위반 조치안 (원안의결)
- 신한자산운용㈜은 ’23.3.14. 본인이 운용 중이었던 신한 Mezzanine 일반사모 혼합자산투자신탁 제2호가 소유하지 않은 ㈜에코프로 주식 5,000주(18억 5,331만원)를 매도 주문한 사실이 있음
ㅁ
의결안건 제261호 Alberta Investment Management Corporation 등 2개사의 공매도 규제 위반 조치안 (수정의결)
-
Alberta Investment Management Corporation은 ’24.7.23. Emerging Markets Quantitative Equities Strategy가 소유하지 않은 현대글로비스㈜ 주식 30,562주(35억 5,292만원)를 매도주문한 사실이 있음
-
지아이씨 프라이빗 리미티드는 ’22.3.21. 본인이 운용 중이었던 계좌가 소유하지 않은 ㈜호텔신라 주식 8,415주(6억 6,610만원)를 매도 주문한 사실이 있음
ㅁ
의결안건 제262호 Pareto Securities AS 등 3개사의 공매도 규제 위반 조치안 (원안의결)
-
Pareto Securities AS는 ’22. 11. 23. 운용하는 회사가 소유하지 아니한 삼성전자㈜ 보통주 178,879주(109억 1,409만원)를 매도주문한사실이 있음
-
Invesco Capital Management LLC는 ’22. 6. 29. 운용하는 2개 펀드가 소유하지 아니한 ㈜에코프로비엠 보통주 13,255주(15억 7,980만원)를 매도주문한 사실이 있음
-
Amundi Asset Management는 ’21. 1. 25. 운영하는 펀드가 소유하지 아니한 DL㈜ 보통주 4,496주(3억 2,236만원)를 매도주문한 사실이 있음
ㅁ
의결안건 제263호 The Northern Trust Company Hong Kong Limited.의 공매도 규제 위반 조치안 (원안의결)
-
The Northern Trust Company of Hong Kong Limited는 ’23.5.31. 운용하는 펀드가 소유하지 않은 롯데에너지머티리얼즈㈜ 6,811 주(3억 7,512만원)를 매도주문한 사실이 있음
* 의결안건 제256호는 비공개안건으로 안건은 비공개"
2025년 제17차 증권선물위원회 불공정거래 위반 조치 의결,2025-11-21,1066,https://fsc.go.kr/no070200/85806?srchCtgry=&curPage=2&srchKey=&srchText=&srchBeginDt=&srchEndDt=,"[2025년 제17차 증권선물위원회 불공정거래 조치 의결 목록 및 주요내용]
ㅁ
의결안건 제240호 정치테마주 풍문유포에 대한 부정거래행위 금지 위반 조치안 (원안의결)
- ●●●은 제22대 총선(’24.4.10.) 및 제21대 대선(’25.6.3.)을 앞두고매매차익을 목적으로 ㈜○○○○○ 등 51개 종목 주식을 정치인 테마로 강조하는 합리적 근거가 없는 글을 총 981차례에 걸쳐 게시·유포하면서, 총 54회에 걸쳐 사전 매집한 주식을 전량 처분함
-
□□□은 제22대 총선(’24.4.10.) 및 제21대 대선(’25.6.3.)을 앞두고매매차익을 목적으로 ㈜△△△△△ 등 15개 종목 주식을 정치인 테마로 강조하는 합리적 근거가 없는 글을 총 1,080차례에 걸쳐 게시·유포하면서, 총 15회에 걸쳐 사전 매집한 주식을 전량 처분함
ㅁ
의결안건 제241호 ㈜OOO 주식에 대한 부정거래행위 금지 위반 등 조치안 (원안의결)
- ☆☆☆, ★★★, ­­­, ●●●은 공모하여 자신들이 지배하는 ㈜◎◎◎◎◎◎◎◎ 및 ㈜◇◇ 등 비상장법인을 내세워 ’20.9.4.～11.16. 중 사채자금 등을 이용하여 ㈜○○○ 주식을 무자본 인수하여 단기간내 고가에 처분할 목적으로, 자금력이 풍부한 교육 전문회사가 경영권을 취득하는 외관을 형성하여 주가를 부양시키는등 부정한 수단･계획･기교 등을 사용한 혐의가 있음
* 의결안건 제240~241호는 비공개안건으로 안건은 비공개"
2025년 제16차 증권선물위원회 불공정거래 위반 조치 의결,2025-11-07,1075,https://fsc.go.kr/no070200/85704?srchCtgry=&curPage=2&srchKey=&srchText=&srchBeginDt=&srchEndDt=,"[2025년 제16차 증권선물위원회 불공정거래 조치 의결 목록 및 주요내용]
ㅁ
의결안건 제214호 The Teacher Retirement System of Texas 등 3개사의 공매도 규제 위반 조치안 (수정의결)
- The Teacher Retirement System of Texas는 2021.7.30. 본인이 소유하지않은신풍제약㈜ 1,810주(1억 1,673만원)를 매도주문한 사실이 있음
- California Public Employees‘ Retirement System는 2021.10.27. ~2021.10.29.까지 본인이 소유하지 않은 현대건설㈜ 우선주1,184주(1억 8,071만원)를 매도주문한 사실이 있음
- 교보증권㈜은 2021.3.2. 본인이 소유하지 않은 ㈜두산 138주(662만원)를매도주문한 사실이 있음
ㅁ
의결안건 제215호 수산업협동조합중앙회의 공매도 규제 위반 조치안 (수정의결)
- 수산업협동조합중앙회는 2023.8.7. 본인이 소유하지아니한KODEX 코스닥150 ETF 260,000주(37억 1,049만원)를 매도주문한사실이 있음
ㅁ 의결안건 제216호 지브이에이자산운용㈜의 공매도 규제 위반 조치안 (원안의결)
-
지브이에이자산운용㈜은 2024.1.2. 본인이 운용 중이었던 일반사모펀드(Fortress-A, Saber-V)가 소유하지 않은 ㈜아티스트컴퍼니 주식60,193주(12억 428만원)를 매도 주문한 사실이 있음
ㅁ
의결안건 제21
7호 New August Holdings의 공매도 규제 위반 조치안 (원안의결)
-
New August Holdings는 2021.11.24. ㈜테이팩스 주식을 소유하고있지않은 상태에서 3,960주(328,185,000원)에 대한 무차입공매도 주문을제출한사실이 있음
ㅁ
의결안건 제224호 ㈜OOOOO 주식에 대한 시세조종행위 금지위반 등 조치안(수정의결)
-
◇◇◇는 보유중이던 ㈜●●●●●의 주가가 하락하여 담보로 제공한주식이 반대매도될 상황에 이르자 이를 방지하고 이후 주가 상승을통해 보유 주식을 고가에 매도하기 위하여, 총 1,300회의 시세조종주문을 제출하였음
-
㈜▽▽는 ’20.3.26.～’20.11.20. ㈜●●●●● 주식 대량보유 보고를총 3회 이행하면서 보유목적을 ‘주주제안’으로 기재하였음에도, 단순투자 목적시 사용하는 ‘약식’ 양식으로 보고함에 따라 ◇◇◇등의 주식담보계약 체결 내역 등을 보고하지 않은 사실이 있음
ㅁ
의결안건 제225호
㈜OOOOOO 주식에 대한 미공개정보 이용행위 금지 위반 등 조치안(원안의결)
-
◁◁◁은 前 ㈜○○○○○○의 대표이사로 ‘㈜○○○○○○에 대한파산신청 접수’라는 미공개중요정보를 직무상 지득하고, 동 정보를 ▼▼▼에게 전달하여 동사 주식 매매에 이용하게 한 혐의가 있음
-
▼▼▼은 ◁◁◁으로부터 본건 미공개중요정보를 전달받아, ▲▲▲와공모하여 동 정보가 공개되기 전 본인 및 차명계좌로 보유중인 동사 주식을 전량 매도하고, 동 정보를 ★★★에게 전달하여 동사 주식 매매에 이용하게 한 혐의가 있음
* 의결안건 제224~225호는 비공개안건으로 안건은 비공개"
2025년 제15차 증권선물위원회 불공정거래 위반 조치 의결,2025-10-24,11084,https://fsc.go.kr/no070200/85487?srchCtgry=&curPage=2&srchKey=&srchText=&srchBeginDt=&srchEndDt=,"[2025년 제15차 증권선물위원회 불공정거래 조치 의결 목록 및 주요내용]
ㅁ
의결안건 제203호 ㈜OOOOOO·㈜OOOOO 주식에 대한 시세조종행위 금지 위반 등 조치안 (원안의결)
-
●●●은 △△△, ▲▲▲, ★★★와 공모하여 ㈜○○○○○○ 주식의주가상승을 통한 매매차익을 취득하기 위해 매매 거래가 성황인 것으로 오인하게 하거나 매매 거래를 유인할 목적으로, ’22.5.20.~8.31. 기간 중 고가매수, 허수매수, 종가관여, 시가관여, 물량소진, 가장·통정매매 등 총 1,641회(1,660,390주)에 걸쳐 시세조종 주문을 제출한 혐의가 있음
-
◆◆◆은 ㈜○○○○○○의 경영권 양수도 계약 업무를 담당하는 과정에서 ‘㈜▣▣▣▣의 ㈜○○○○○○ 주식 대량취득 실시’ 정보를지득하고, 동 정보가 공개되기 전 지인 ◉◉◉에게 전달하여 ㈜ ○○○○○○ 주식 매매에 이용하게 한 혐의가 있음
- ●●●은 ‘㈜▩▩▩▩▩▩의 ◎◎◎◎◎ 유상증자 참여 결정’ 정보를직무상 지득하고, 동 정보가 공개되기 전 사촌동생 ▤▤▤에게 전달하여 ㈜◎◎◎◎◎ 주식 매매에 이용하게 한 혐의가 있음
ㅁ
의결안건 제204호 OOOOOOOOO㈜ 주식에 대한 미공개정보 이용행위 금지 위반 등 조치안(원안의결)
-
▲▲▲은 ‘●●●●●●㈜의 ○○○○○○○○○㈜ 지분인수’라는 미공개 중요정보를 직무상 지득하고, 배우자 ◎◎◎과 공모하여 동 정보가 공개되기 전 동사 주식 52,873주를 매수한 혐의가 있음
* 의결안건 제203~204호는 비공개안건으로 안건은 비공개"
2025년 제14차 증권선물위원회 불공정거래 위반 조치 의결,2025-09-12,13959,https://fsc.go.kr/no070200/85381?srchCtgry=&curPage=3&srchKey=&srchText=&srchBeginDt=&srchEndDt=,"[2025년 제14차 증권선물위원회 불공정거래 조치 의결 목록 및 주요내용]
ㅁ
의결안건 제190호 ㈜OOOOOOO 주식에 대한 미공개정보 이용행위 금지 위반 우선심의 조치안 (원안의결)
-
◆◆◆은 ●●●●●●●●●㈜ 임원으로서, 이사회 의결사항인 ◐◐◐◐◐◐◐의 지배구조 개편 정보를 직무상 지득하고, □□□과공모하여 ㈜○○○○○○○ 주식을 매수하고, 동 정보를 ★★★에게 전달하여 동사 주식 매매에 이용하게 한 혐의가 있음
- ♧♧♧은 ●●●●●●●●●㈜ 임원으로서, 경영회의 등을 통해 ◐◐◐◐◐◐◐의 지배구조 개편 정보를 직무상 지득하고, 이를 이용하여 ㈜○○○○○○○ 주식을 매수하고, - 동 정보를 ◉◉◉ 및 ◈◈◈에게 전달하여 동사 주식 매매에 이용하게 한 혐의가 있음
- ▥▥▥은 ●●●●●●●●●㈜ 직원으로서, 관련 직무를 담당하는 - 2 - 동사 임직원 등을 통해 ◐◐◐◐◐◐◐의 지배구조 개편 정보를 전달받고 이를 이용하여 ㈜○○○○○○○ 주식을 매수한 혐의가 있음
- ◍◍◍은 ●●●●●●●●●㈜ 직원으로서, 경영회의 등을 통해 ◐◐◐◐◐◐◐의 지배구조 개편 정보를 직무상 지득하고, 이를 이용하여 ㈜○○○○○○○ 주식을 매수한 혐의가 있음
ㅁ 의결안건 제191호 ㈜OOO 주식에 대한 부정거래행위 금지 위반 우선심의 조치안(원안의결)
-
■■■, □□□, △△△, ◇◇◇는 공모하고, ◆◆◆의 조력을 받아, ㈜○○○의 상장이 지연될 것처럼 기존 주주들을 기망하여, 보유중인 주식을 본인들이 설립한 사모펀드에 매각하게 하고, ㈜○○○ 주식 매각차익을 ○○○과 공유하는 주주간 계약을 체결하였음에도, 상장 시 상기 사모펀드와의 관계 및 계약을 은폐하여, 상장 후 ㈜○○○의 매각차익을 ○○○이 취득하도록 하는 등 부정거래행위를 한 혐의가 있음
* 의결안건 제190~191호는 비공개안건으로 안건은 비공개"
2025년 제13차 증권선물위원회 불공정거래 위반 조치 의결,2025-08-29,14167,https://fsc.go.kr/no070200/85258?srchCtgry=&curPage=3&srchKey=&srchText=&srchBeginDt=&srchEndDt=,"[2025년 제13차 증권선물위원회 불공정거래 조치 의결 목록 및 주요내용]
ㅁ
의결안건 제179호 ㈜OOOOOOO 주식에 대한 미공개정보 이용행위 금지 위반 등 조치안 (수정의결)
-
△△△은 ㈜○○○○○○○의 대표이사로서 ㈜○○○○○○○의 외부 기말감사 의견거절이라는 미공개 중요정보를 직무상 지득하고, 이를 이용하여 본인 및 차명 계좌로 동사 주식을 매도한 혐의가 있음
- ▲▲▲은 ㈜○○○○○○○의 사내이사로서 본건 정보를 직무상 지득하고, 이를 이용하여 본인의 회사 명의 계좌로 동사 주식을 매도한 혐의가 있음
* 의결안건 제179호는 비공개안건으로 안건은 비공개"
2025년 제12차 증권선물위원회 불공정거래 위반 조치 의결,2025-08-14,14141,https://fsc.go.kr/no070200/85137?srchCtgry=&curPage=3&srchKey=&srchText=&srchBeginDt=&srchEndDt=,"[2025년 제12차 증권선물위원회 불공정거래 조치 의결 목록 및 주요내용]
ㅁ 의결안건 제161호 OOOOO㈜ 주식에 대한 미공개중요정보 이용행위 금지 위반 등 조치안 (수정의결)
-
혐의자는 ㈜□□□□□의 대표이사로서 ○○○○○㈜의 대표이사의 직무를 수행하는 과정에서 ‘○○○○○㈜의 ㈜△△△△△△△의 전환사채 취득’이라는 미공개 중요정보를 지득한 후, 정보가 공개되기 전 ㈜□□□□□ 명의 계좌를 이용하여 동사 주식에 대한 매수호가를 813,612주  제출하고 659,016주(2,686,828,725원)를 체결, 199,662,077원의 부당이득을  취득한 혐의
ㅁ 의결안건 제162호 ㈜OOOO 주식에 대한 미공개중요정보 이용 금지 위반 조치안 (원안의결)
-
’24. 7. 12. 재무담당 임원에게 자금계획을 보고하는 과정에서 회사의 자기주식 취득 결정 정보를 지득한 후, 배우자 명의의증권계좌를 신규로 개설하고 이용하여 동사 주식을 매수한혐의가 있음
ㅁ 의결안건 제163호 SNS를 활용한 385개사 주식에 대한 부정거래행위 금지 위반 조치안(원안의결)
-
▲▲▲은 본인 및 차명 계좌를 이용하여 주식을 선행매매한 후, SNS 대화방에서 종목 추천을 하면서매수세를 유인하고 이로 인해 주가가 상승하면 즉시 매도하여 차익실현하는 방식으로 부정거래행위를 한 혐의가 있음
* 의결안건 제161~163호는 비공개안건으로 안건은 비공개"
2025년 제11차 증권선물위원회 불공정거래 위반 조치 의결,2025-08-01,10507,https://fsc.go.kr/no070200/85515?srchCtgry=&curPage=3&srchKey=&srchText=&srchBeginDt=&srchEndDt=,"[2025년 제11차 증권선물위원회 불공정거래 조치 의결 목록 및 주요내용]
ㅁ
의결안건 제152호 지브이에이자산운용㈜ 등 3개 대상자의 공매도 순보유잔고 보고의무 위반 조치안(원안의결)
-
지브이에이자산운용㈜는 2020.8.5. 및 2024.8.22. 총 2일, 5개종목에 대해 순보유잔고 보고의무가 발생하였음에도 기한 내에 보고하지 아니하고 지연보고한 사실이 있음"
2025년 제10차 증권선물위원회 불공정거래 위반 조치 의결,2025-07-18,13949,https://fsc.go.kr/no070200/85138?srchCtgry=&curPage=3&srchKey=&srchText=&srchBeginDt=&srchEndDt=,"[2025년 제10차 증권선물위원회 불공정거래 조치 의결 목록 및 주요내용]
ㅁ 의결안건 제128호 ㈜OOO 주식에 대한 부정거래행위 금지 위반 등 조치안(원안의결)
-
▨▨▨, ◍◍◍, ☆☆☆은 ㈜○○○과 ㈜◇◇◇◇◇◇◇◇◇가 추진하는 필리핀 희토류 개발사업을 수행하는 과정에서 채굴기업이 핵심 광물 채굴권 등의 권한을 보유하고 있지 않았고, 본건 사업을추진할만한 여건이나 의사를 갖추지 못한 상황에서도, 채굴권 확보와 매출 기대 등 합리적 근거가 없는 내용을 기사화되도록 하는 등 부정거래행위 혐의가 있음
ㅁ 의결안건 제129호 ㈜OOOOO 주식에 대한 미공
개정보 이용행위 금지 위반 조치안(원안의결)
-
◇◇◇◇◇의 ◆◆◆◆◆ ◆◆◆ ◆◆ 임상◆상 결과 정보와 ****회
계
연
도
감
사
의
견
정
보
에
대
하
여
조
치
대
상
임
직
원
들
은
내
부
자
로
서
직
무
상
동
정
보
를
지
득
하
여
이
용
하
거
나
정
보
를
전
달
하
여
정
보
수
령
자
가
이
를
이
용
하
게
한
혐
의
가
있
으
며
,
그
외
조
치
대
상
자
들
은
정
보
수
령
자
로
서
내
부
자
로
부
터
정
보
를
전
달
받
아
지
득
하
고
,
이
를
이
용
한
혐
의
가
있음
* 의결안건 제128~129호는 비공개안건으로 안건은 비공개"
2025년 제9차 증권선물위원회 불공정거래 위반 조치 의결,2025-07-04,13840,https://fsc.go.kr/no070200/85139?srchCtgry=&curPage=3&srchKey=&srchText=&srchBeginDt=&srchEndDt=,"[2025년 제9차 증권선물위원회 불공정거래 조치 의결 목록 및 주요내용]
ㅁ 의결안건 제123호 ㈜OO
O
O
O
주식에 대한 부정거래행위 금지 위반 등 조치안(원안의결)
-
□□□ 등 혐의자는 상장적격성 실질심사 대상 및 관리종목 지정을 회피할 목적으로 유상증자 및 타법인 주식 취득 과정에서 중요사항에 대해 거짓 기재를 하거나 위계를 사용하여 일반투자자를 기망하고, 부정한 수단, 계획, 기교를 사용하는 등 부정거래행위를 한 혐의가 있음
* 의결안건 제123호는 비공개안건으로 안건은 비공개"
2025년 제8차 증권선물위원회 불공정거래 위반 조치 의결,2025-06-20,13926,https://fsc.go.kr/no070200/85140?srchCtgry=&curPage=3&srchKey=&srchText=&srchBeginDt=&srchEndDt=,"[2025년 제8차 증권선물위원회 불공정거래 조치 의결 목록 및 주요내용]
ㅁ
의결안건 제103호 TFS 등 2개사의 공매도 규제 위반 조치안 (원안의결)
-
Timefolio Asset Management Singapore은 ’21.1.12. SK하이닉스㈜ 주식을 소유하고 있지 않은 상태에서 1,127주(143,129,000원)에 대한 무차입 공매도 주문을 제출한 사실이 있음
-
PM Capital Limited는 ’20.7.27. ㈜아모레퍼시픽 주식을 소유하고 있지 않은 상태에서 9주(1,485,000원)에 대한 무차입 공매도 주문을 제출한 사실이 있음
ㅁ 의결안건 제109호 ㈜OOO
O
주식에 대한 부정거래행위 금지 위반 등 조치안(원안의결)
-
혐의자들은 담보로 제공된 주식의 반대매매를 방지하고, 주가 부양으로 주식을 매도하여 유상증자 자금을 확보하는 한편, 보유 주식을 고가에 매도하여 이익을 실현할 목적으로 상호 공모하여 ◑◑◑◑㈜은 우크라이나 재건사업을 추진할 의사와 능력이 모두 없는 상황이었음에도 ‘우크라이나 재건을 위한 국제 콘퍼런스’가 개최되는 것을 기회로 이용하여, 우크라이나 지방정부 등과 형식적인 MOU를 반복적으로 체결하고 동 사실 등을 허위․과장하여 홍보하는 보도자료를 계속 배포하는 등 부정한 수단·계획·기교를 사용함
* 의결안건 제109호는 비공개안건으로 안건은 비공개"
2025년 제7차 증권선물위원회 불공정거래 위반 조치 의결,2025-06-05,13812,https://fsc.go.kr/no070200/85141?srchCtgry=&curPage=3&srchKey=&srchText=&srchBeginDt=&srchEndDt=,"[2025년 제7차 증권선물위원회 불공정거래 조치 의결 목록 및 주요내용]
ㅁ 의결안건 제93호 OOO
O
O
O
주식에 대한 미공개정보 이용행위 금지 위반 조치안(원안의결)
- ◆◆◆은 ㈜○○○○○○의 사실상 임원이었던 자로, ㈜▥▥▥▥(실질사주 □□□)에 대한 본인의 연대보증 채무이행 상황을 모면하고, 전환사채 매매계약의 일환으로 지급한 금원을 회수하기 위해, 본인의 배임 혐의 관련 구속·기소 사실을 □□□에게 전달하여 ㈜○○○○○○ 주식의 매매에이용하게 한 혐의가 있음
* 의결안건 제109호는 비공개안건으로 안건은 비공개"
2025년 제5차 증권선물위원회 불공정거래 위반 조치 의결,2025-05-09,13819,https://fsc.go.kr/no070200/85142?srchCtgry=&curPage=3&srchKey=&srchText=&srchBeginDt=&srchEndDt=,"[2025년 제5차 증권선물위원회 불공정거래 조치 의결 목록 및 주요내용]
ㅁ
의결안건 제69호 Societe Generale S.A.의 공매도 규제 위반 조치안 (원안의결)
-
Societe Generale S.A.는 2021.10.12.～2022.12.23. 기간 중 HD현대에너지솔루션㈜ 등 3개사 주식을 소유하고 있지 않은 상태에서 27,784주 (2,550,218,750원)에 대한 무차입 공매도 주문을 제출한 사실이 있음
ㅁ
의결안건 제70호 OOO㈜ 주식에 대한 부정거래행위 금지 위반 등 조치안 (원안의결)
- ○○○㈜ 최대주주 겸 대표이사 ●●●는 동사 고문 ◎◎◎와 공모하여 ○○○㈜ 주가를 부양할 목적 등으로 허위 보도자료 유포 등 일련의 부정한 수단, 계획 또는 기교*를 사용한 혐의가 있음
* 신사업 진출, 대규모 자금 조달 및 해외 합작법인 설립 등 외관 형성
* 의결안건 제70호는 비공개안건으로 안건은 비공개"
2025년 제4차 증권선물위원회 불공정거래 위반 조치 의결,2025-04-25,9004,https://fsc.go.kr/no070200/85143?srchCtgry=&curPage=3&srchKey=&srchText=&srchBeginDt=&srchEndDt=,"[2025년 제4차 증권선물위원회 불공정거래 조치 의결 목록 및 주요내용]
ㅁ
의결안건 제58호 ㈜OOOO 주식에 대한 시세조종행위 금지 위반 등 조치안 (원안의결)
- △△△과 ▲▲▲ 및 ★★★, ☆☆☆는 계좌 중개인으로부터 증권계좌와 투자금을 제공받아 운용하면서, 서로 공모하여 시세차익을 얻기 위하여 14인 명의의 14개 계좌를 이용하여 ㈜○○○○ 주식을 매매하는 과정에서 타인으로 하여금 매매를 유인하거나 매매가 성황을 이루고 있는 듯이 잘못 알게 할 목적으로 총 85,344회(2,388,667주)의 시세조종 주문을 제출
ㅁ
의결안건 제59호 MERRILL LYNCH INTERNATIONAL의 공매도 규제 위반 조치안 (수정의결)
- MERRILL LYNCH INTERNATIONAL(이하 ‘MLI’)는 ’21.6.21 ~ ’22.9.16. 기간 중 본인이 소유하지 않은 HMM 등 15개사 주식 572,012주(211억 5,798만원)에 대한 매도주문을 제출
- MLI는 ’20.3.5. ~ ’22.6.16. 기간 중 본인이 소유하지 않은 위메이드 등 6개사 주식 78,746주(15억원)에 대한 매도주문을 제출
* 의결안건 제58호는 비공개안건으로 안건은 비공개"
2025년 제3차 증권선물위원회 불공정거래 위반 조치 의결,2025-04-11,5986,https://fsc.go.kr/no070200/85144?srchCtgry=&curPage=4&srchKey=&srchText=&srchBeginDt=&srchEndDt=,"[2025년 제3차 증권선물위원회 불공정거래 조치 의결 목록 및 주요내용]
ㅁ
의결안건 제43호 ○○○○㈜ 주식에 대한 시세조종행위 금지 위반 조치안 (원안의결)
- ◆◆◆은 □□□, ★★, ◉◉◉, ◈◈◈과 공모하여 11개 계좌를 통해 ○○○○㈜ 주식을 매매하는 과정에서, 총 1,171회의 시세조종 주문을 제출하여 인위적으로 주가를 고정시키거나 주가 하락을 방어한 혐의가 있음
ㅁ
의결안건 제45호 ○○○○㈜ 주식에 대한 부정거래행위 금지 위반 등 조치안 (수정의결)
- ●●● 등 6인은 ♣♣♣♣♣♣ ♔♔♔♔의 ◉◉◉ 인수를 위한 자금조달이 어려울 것으로 예상되자, 인수 자금을 위해 ○○○○㈜주식 669만주(53%)를 최대주주 ☆☆☆ 등 4인 등으로부터 공동 취득하여 경영권을 확보하고, ◉◉◉ 인수가 무산된 후 주가가 급락하자, 허위의 우주항공사업 및 대규모 자금조달 추진을 공시하면서 허위·과장된 보도자료를 배포하여 주가를 인위적으로 상승시킨 혐의가 있음
ㅁ
의결안건 제46호 Nomura International plc의 공매도 규제 위반 조치안 (수정의결)
-
Nomura International plc 는 2021.5.6. ～ 2023.11.23. 기간 중 ㈜아모레퍼시픽 등 74개사 주식을 소유하고 있지 않은 상태에서 1,609,138주(1,260억 4,444만원)에 대한 무차입공매도 주문을 제출한사실이 있음
ㅁ
의
결안건 제47호 JP Morgan Securities PLC의 공매도 규제 위반 조치안 (수정의결)
- JP Morgan Securities PLC는 21.11.15. ~ 21.12.06. 기간 중 본인이 소유하지 않은 ㈜셀트리온헬스케어 주식 등 5개사 주식 260,437주(143억 7,818만원)에 대한 매도주문을 제출한 혐의가 있음
ㅁ
의결안건 제48호 UBS AG의 공매도 규제 위반 조치안 (수정의결)
- UBS AG는 2021.5.4.~2023.11.2. 기간 중 ㈜셀트리온 등 19개사주식을 소유하고 있지 않은 상태에서 862,070주(334억 2,414만원)를매도 주문한 사실이 있음
ㅁ
의결안건 제49호 Morgan Stanley & Co. International PLC의 공매도 규제 위반 조치안 (수정의결)
- Morgan Stanley&CO. International PLC는 ’21.5.6.～’23.11.15. 기간 중 본인이 소유하지 아니한 ㈜심텍 등 31개사 주식 458,698주(176억 374만원)를 매도 주문한 사실이 있음
ㅁ
의결안건 제50호 ○○○○○ ○○ 등의 부정거래행위 관련 조치안 (원안의결)
- ☆☆☆ 등 14인은 주가 변동성이 큰 시장 관심주를 미리 선정하여 단시간내 선매수하고, 동 종목에 대한 호재성 기사를 직접 작성･ 보도한 후 매수세가 유입되어 주가가 상승하면 높은 가격에 매도하는 방식으로 부정거래행위를 한 혐의가 있음
ㅁ
의결안건 제312(2024)호 ○○○○㈜ 주식에 대한 미공개중요정보 이용 금지 위반 조치안 (원안의결)
- ㈜△△△ 대표이사 ○○○은 계열사인 ●●●●㈜사장으로 주간회의에서 ●●●●㈜의 ▲▲▲▲ COVID19 치료제 국내임상 2상 시험결과 ‘주평가지표의 유효성 목표 미충족’이라는 정보를 지득하고, 미공개정보를 이용하여 ㈜△△△가 소유한 ●●●●㈜주식 200만주의 블록딜 매도 중개위임 계약을 체결하고, 다음 날블록딜을 실행하여 369.2억원의 손실을 회피한 혐의가 있음
* 의결안건 제43, 45, 50호 및 제312(2024)호는 비공개안건으로 안건은 비공개"
2025년 제2차 증권선물위원회 불공정거래 위반 조치 의결,2025-03-21,2356,https://fsc.go.kr/no070200/85145?srchCtgry=&curPage=4&srchKey=&srchText=&srchBeginDt=&srchEndDt=,"[2025년 제2차 증권선물위원회 불공정거래 조치 의결 목록 및 주요내용]
ㅁ
의결안건 제29호 SNS를 활용한 10개사 주식에 대한 부정거래행위 금지 위반 조치안 (원안의결)
- A○○ 등 4인은 카카오톡 오픈채팅방을 운영하면서 미리 매수한 종목을 동 채팅방에서 추천하여 채팅방 이용자 등의 매수세를 유도한 후 높은 가격에 매도하여 매매차익을 얻을 목적으로, ㈜☆☆☆☆ 등 10개 종목을 선행매매한 후 오픈채팅방 종목 추천을 통해 매수세를 유인하고, 이로 인해 주가가 상승하면 매도하여 차익 실현하는 등 총 35건의 부정거래행위를 한 혐의가 있음
ㅁ
의결안건 제31호 OOOOOO 등 6개사 주식에 대한 미공개정보 이용행위 금지 위반 조치안 (원안의결)
- ●●●과 ◆◆◆은 법무법인 ◇◇ 전산실 직원으로, 동사 문서관리시스템 등을 통해 공개매수 실시, 유상증자 결정, 주식양수도계약 체결 등 정보를 직무상 지득하고, 동 정보가 공개되기 전 본인 및 배우자 등 차명계좌를 통해 ○○○○○○㈜등 5개 종목 주식을 매수한 혐의가 있는 등 조치대상자 9인은 미공개정보 이용행위 금지 위반 혐의가 있음
ㅁ
의결안건 제32호 OOOOOOO 주식에 대한 미공개정보 이용행위 금지 위반 조치안 (원안의결)
- ◆◆은 ○○○○○○○㈜와 위촉 계약을 체결하고 있는 의료관리자로서동사에 대한 ‘경찰 압수·수색 정보’를 직무상 지득하고, 동 정보가 공개되기 전 본인 명의 계좌를 통해 보유중이던 동사 주식을 매도하여 손실을 회피한 혐의가 있음
- □□□는 ○○○○○○○㈜ 선임연구원으로서 동사에 대한 ‘경찰 압수·수색 정보’를 직무상 지득하고, 동 정보가 공개되기 전 본인 명의 계좌를 통해 보유중이던 동사 주식을 매도하여 손실을 회피한 혐의가 있음
ㅁ
의결안건 제33호 Macquarie Bank Limited의 공매도 규제 위반 조치안 (원안의결)
-
Macquarie Bank Limited는 ’21.10.12. 본인이 소유하지 않은 POSCO홀딩스㈜ 1,000주를 매도 주문하고, ’23.10.5. 본인이 소유하지않은 롯데에너지머티리얼즈㈜ 8,945주를 매도 주문한 사실이 있음
* 의결안건 제29~32호는 비공개안건으로 안건은 비공개"
2025년 제1차 증권선물위원회 불공정거래 위반 조치 의결,2025-03-07,1466,https://fsc.go.kr/no070200/85146?srchCtgry=&curPage=4&srchKey=&srchText=&srchBeginDt=&srchEndDt=,"[2025년 제1차 증권선물위원회 불공정거래 조치 의결 목록 및 주요내용]
ㅁ
의결안건 제8호 정치테마주 풍문유포에 대한 부정거래행위 금지 위반 조치안 (원안의결)
- ◈◈◈은 제22대 총선을 앞두고 정치테마주의 주가 변동성이 확대되자 ㈜○○ 등 15개 종목을 부각시켜 매매차익을 얻기 위하여, 116,430주를 매매하는 과정에서, 대선테마로 강조하는 합리적 근거가 없는 글을 총 76차례에 걸쳐 게시·유포하고, 게시한 직후 주가가 상승하자 사전 매집한 주식을 전량 처분하여 차익을 실현하였음
ㅁ
의결안건 제16호 OOOOO 주식에 대한 미공개정보 이용행위 금지 위반 조치안 (원안의결)
- ●●●은 ㈜○○○○○의 대표이사로서 ㈜○○○○○의 신규사업 투자자금 조달을 위한 “전환사채권 발행 결정” 정보를 직무상 지득하고, 동 정보가 공개되기 전 투자를 같이 해온 지인 □□□에게 동 정보를 전달하여 매매에 이용하게 한 혐의가 있음
ㅁ
의결안건 제17호 OOOO 주식에 대한 부정거래행위 금지 위반 등 조치안 (원안의결)
- ●●●과 ◆◆◆은 및 거래상대방과 협의하여 ◎◎◎ 인수 대가로 지급한 전환사채중 일부를 개인적으로 수취하는 한편, 신사업 진출을 위한 지분 투자 금액을 거짓으로 과다하게 기재하는 등 호재성 정보를 공시하고 허위·과장된 보도자료를 배포하는 등 부정거래행위 혐의가 있음
ㅁ
의결안건 제18호 Segantii Capital Management Limited의 공매도 규제 위반 조치안 (원안의결)
-
Segantii Capital Management Limited는 2023.7.26. 동사에서 운용하는 펀드인 The Segantii Asia-Pacific Equity Multi-S 펀드가 소유하지 않은 삼성전자㈜ 주식 65,629주(45억 6,037만원)에 대한 매도주문을 제출한 사실이 있음
ㅁ
의결안건 제19호 BN
S Asia Limited의 공매도 규제 위반 조치안 (원안의결)
-
BNS Asia Limited는 ’21.10.14. ~ ’22.9.6. 기간 중 소유하지 않은 ㈜셀리버리 등 6개사 주식 총 4,546주에 대한 무차입 공매도주문을 제출한 사실이 있음
* 의결안건 제8~17호 및 제312(2024)호는 비공개안건으로 안건은 비공개"
